{"cameraMode":{"drawMode":0,"name":"Shaded","section":"Shading Mode"},"sceneLighting":true,"audioPlay":false,"sceneViewState":{"m_AlwaysRefresh":false,"showFog":true,"showSkybox":true,"showFlares":true,"showImageEffects":true,"showParticleSystems":true,"showVisualEffectGraphs":true,"m_FxEnabled":true},"in2DMode":false,"pivot":{"x":-2.674168348312378,"y":1.1856026649475098,"z":-4.505451202392578},"rotation":{"x":0.0018731019226834179,"y":0.9982740879058838,"z":-0.040756724774837497,"w":0.04343278333544731},"size":4.457826614379883,"orthographic":false}